Date,KO,PEP
2021-01-05,-0.01105422828364198,0.0029760554080960574
2021-01-06,-0.03232947479540152,-0.012307680860419213
2021-01-07,-0.01114704603607253,-0.0032237932005288006
2021-01-08,0.022170496104643164,0.011931329855156337
2021-01-11,-0.017378070463307957,-0.014602029911752277
2021-01-12,-0.001794221151370711,-0.004655659103206958
2021-01-13,0.000997136875542753,0.008168373536408303
2021-01-14,-0.018714688496847844,-0.005837866944067865
2021-01-15,-0.010824067606372034,-0.0026133144821784073
2021-01-19,-0.003909143635899297,0.004727547543252825
2021-01-20,0.003498451906066182,-0.005151779595849672
2021-01-21,0.005530896185012679,-0.012245010713550159
2021-01-22,-0.0094415555320362,-0.007332978281412257
2021-01-25,0.0059626187172891615,0.011407426452448194
2021-01-26,0.01040098573023219,0.011490373027526556
2021-01-27,-0.015539266271820125,-0.026874156167980782
2021-01-28,0.012694827517412067,0.008296374998074405
2021-01-29,-0.020555724965560677,-0.01900279810280685
2021-02-01,0.006830158729367798,0.0029976875891019935
2021-02-02,0.009852282732011608,0.010168990739939276
2021-02-03,-0.0038881588216663353,-0.0026053211602871107
2021-02-04,0.004908797428034833,0.011955767061466994
2021-02-05,0.012974378928495064,0.009121848943711182
2021-02-08,0.005423041691256985,-0.003980643751940679
2021-02-09,-0.004416580317727929,-0.005714187449299849
2021-02-10,-0.0020143923796146915,-0.013703842043961249
2021-02-11,0.014014472738518203,-0.020024906297835925
2021-02-12,0.007723418896888632,-0.008183393883745244
2021-02-16,-0.008319916245573373,0.003802475250630328
2021-02-17,-0.002789180063097018,0.0005950967845887121
2021-02-18,0.012686248717341031,0.006745001768000348
2021-02-19,-0.013085042457253818,-0.021353491048151575
2021-02-22,0.010323636738923581,-0.003931915073537417
2021-02-23,-0.0017792373150900247,0.005967424885624498
2021-02-24,0.003358078833928762,-0.0052103020757716546
2021-02-25,-0.010706123359600979,-0.015948965367412575
2021-02-26,-0.02380071342000771,-0.006250193531236524
2021-03-01,0.018404586227619514,0.01100810546227181
2021-03-02,0.004000225549740025,0.0034392587455062897
2021-03-03,-0.0023981241657215343,-0.014834458251644155
2021-03-04,-0.0008005035782895303,0.005549832172628816
2021-03-05,0.016876827464773828,0.03208093438138253
2021-03-08,0.01659724610815404,-0.006788487874118291
2021-03-09,-0.015219583873679752,0.0009077070008852502
2021-03-10,0.011338795895461062,0.010006596059220597
2021-03-11,-0.010945792977178676,-0.002698695184241235
2021-03-12,-0.0019839183786859505,-0.0013520152243906166
2021-03-15,0.013216477369942485,-7.510477735580225e-05
2021-03-16,0.003716380704716228,0.0073396993299695784
2021-03-17,0.0003903450849698507,-0.002914394959129897
2021-03-18,-0.013161776898979618,-0.008191117839802088
2021-03-19,0.004734756418394494,0.014755191466096548
2021-03-22,0.0037323534099187976,0.024239365452704796
2021-03-23,0.007617975514709328,0.011974404137780064
2021-03-24,0.0025264541762012984,-0.004671778721568836
2021-03-25,0.00965812349662001,0.005890039504896247
2021-03-26,0.01941826814580786,0.02174841814768162
2021-03-29,0.01515587193156156,0.014678101361802675
2021-03-30,-0.01308434266850755,-0.015800038285428124
2021-03-31,-0.008312840028665322,-0.0076762974530064495
2021-04-01,-0.003801490416666434,-0.0012024475502002531
2021-04-05,0.005696872516713762,0.01321906595220591
2021-04-06,0.007169916131135489,0.0035560993391665465
2021-04-07,0.0016903536841330225,-0.0018113357184764165
2021-04-08,-0.0030072952679615285,-0.006085084569689252
2021-04-09,0.001128816887279981,0.00021058672993970175
2021-04-12,0.003191468076406311,0.0031512639822030616
2021-04-13,-0.00488517160253503,0.00020962558117050496
2021-04-14,-0.00018839462962989337,-0.006592613685597908
2021-04-15,0.004698830350811278,0.0014062724927056405
2021-04-16,0.006541155064070836,0.012915986031083255
2021-04-19,0.005943857127846691,0.004084342055401379
2021-04-20,0.003142998108796961,0.0066103541095645525
2021-04-21,0.00808994198566776,0.008678132033138584
2021-04-22,-0.0031178815196264862,-0.006210541629864324
2021-04-23,0.0005507179228701622,-0.0016443211276986186
2021-04-26,-0.01498214894851135,-0.017082736665492537
2021-04-27,-0.0014919525045140876,-0.003284064134813684
2021-04-28,0.00018680404723922221,-0.007445674106950258
2021-04-29,0.01242481361100264,0.01476734975306983
2021-04-30,-0.005173683050507726,0.0015271597136448521
2021-05-03,0.009219918954421452,0.011243492815684038
2021-05-04,-0.006260381971324063,-0.012631769386627013
2021-05-05,-0.0025891466355145738,-0.0004864599958883239
2021-05-06,0.009950264278245602,0.01153939210361641
2021-05-07,-0.0005501752650844042,0.0
2021-05-10,0.007311170782458798,0.00793785056388849
2021-05-11,-0.010803101124151674,-0.007319761354753253
2021-05-12,-0.0051676233859823725,-0.009797321843246673
2021-05-13,0.008659553727675247,0.014728578943558347
2021-05-14,0.004027798092717054,0.0015016389021412547
2021-05-17,-0.0016457789355257273,-0.0028690020063231094
2021-05-18,-0.005505546978375712,-0.004525440916120258
2021-05-19,-0.0031335630831796323,-0.0005499154763193155
2021-05-20,0.008822126430218409,0.012300754482226851
2021-05-21,-0.0005490675507421527,-0.0008831118460397263
2021-05-24,0.0032900558630945638,0.00508577076047338
2021-05-25,-0.0001824335478592428,0.0030388969946504047
2021-05-26,0.004370711757459368,0.0
2021-05-27,0.008324295920178635,-0.012143318158771465
2021-05-28,-0.003610776027419968,0.009712939803691539
2021-06-01,-0.00018089771289134623,-0.0020978433596305916
2021-06-02,0.003971725369329892,0.003988531898958812
2021-06-03,0.0025195000612023475,0.003561488277384665
2021-06-04,0.010725915859687277,0.0011504164496806753
2021-06-07,-0.0035624577622400755,-0.0006086093934302213
2021-06-08,-0.006983811276168898,-0.00938393991638904
2021-06-09,-0.0030592825649450673,-0.0018466032624902442
2021-06-10,0.007720571827580889,0.010214697092942648
2021-06-11,0.004461439420750869,0.000609594776032198
2021-06-14,-0.003414391489527997,0.005940800828458693
2021-06-15,-0.0025234793601679475,6.730877538414623e-05
2021-06-16,-0.013444845820194111,-0.0100109413815725
2021-06-17,0.005108498689762291,0.009607264056936148
2021-06-18,-0.021707988808329963,-0.021093813590364247
2021-06-21,0.010912938768229654,0.0078086748683773455
2021-06-22,0.0036723395853322104,0.0014999650656566236
2021-06-23,-0.008097335536061623,-0.013236118737618551
2021-06-24,0.004976654191910296,0.005645292037416757
2021-06-25,-0.0012880585120001247,0.005067009719813075
2021-06-28,-0.0011047982150490944,0.004293618315601964
2021-06-29,-0.007399378118110826,-0.0006802228846419034
2021-06-30,0.004631085133279058,0.008335951957077141
2021-07-01,-0.0027763899765127524,0.0002022139477392324
2021-07-02,0.004069033106804484,0.004779576434795554
2021-07-06,-0.005552563484118695,0.0014763715084262694
2021-07-07,0.008133011553707969,0.004416021058020173
2021-07-08,-0.003503723219802744,0.0004669893349316743
2021-07-09,0.006078019890300284,-0.0025387205123852067
2021-07-12,0.0003671579504495586,0.00020038153533078514
2021-07-13,0.009862891403854471,0.022813370728300794
2021-07-14,0.022287160195465693,0.01027645615273719
2021-07-15,0.0031942584877956213,0.004584000423183924
2021-07-16,-0.0007087786726924068,0.0036646304436358185
2021-07-19,-0.011950610358011931,-0.0001285985490776907
2021-07-20,0.001792995357283412,0.00012859854907769851
2021-07-21,0.012813656757122996,-0.0037293382935351723
2021-07-22,-0.0014158509860280261,-0.00032220500245929866
2021-07-23,0.00951712957453356,0.012741466221573631
2021-07-26,0.000876888088914028,-0.0006999352957745953
2021-07-27,0.0034988730783489597,0.005523698074386699
2021-07-28,-0.009123004027841171,-0.009223071847040954
2021-07-29,0.005448752445542114,0.0020427378720104406
2021-07-30,-0.0003507712928768406,0.0008922074790414595
2021-08-02,-0.0026335015452559054,-0.004022084234432056
2021-08-03,0.0007028777341202173,0.0022364112413159566
2021-08-04,-0.014510776160844448,-0.016864323826672595
2021-08-05,0.0071048981941946405,0.0016864089208019919
2021-08-06,0.002474541820481059,0.00012972311275450128
2021-08-09,0.00017672646088810268,0.00012923806336485796
2021-08-10,0.0026441793101066096,0.0005183062327465444
2021-08-11,-0.0012331378332659287,0.003942212683360656
2021-08-12,0.0019370835286924887,0.00019342927796532454
2021-08-13,0.0068381307344708405,0.009307601184226012
2021-08-16,0.004358743598707965,0.009727284904983965
2021-08-17,-0.0034856911504348247,-0.0009494984680984162
2021-08-18,-0.013710576469646116,-0.010312490538256645
2021-08-19,0.006351258642556362,0.016688886344056148
2021-08-20,-0.003876716822075349,-0.003530372572975885
2021-08-23,-0.003537320006990365,-0.003162799478719258
2021-08-24,-0.0076478120097132575,-0.01249439656756807
2021-08-25,0.0010706155044610905,-0.004436026496040554
2021-08-26,-0.009497517722784267,-0.003679414045883062
2021-08-27,0.0019786266192681648,0.00200256749393273
2021-08-30,0.009478832954881215,0.006818220381418485
2021-08-31,0.002311410723206806,0.00249715371335301
2021-09-01,0.006725385327075467,0.009672175159645028
2021-09-02,0.0014105172795279512,0.0007328004816915852
2021-09-03,-0.0007049707312037251,0.0008917433085780688
2021-09-07,-0.018861787372818874,-0.016430462604116944
2021-09-08,0.013382294029323111,0.014072237439231364
2021-09-09,-0.009975090310559608,-0.006337165048162459
2021-09-10,-0.0044855959586692536,-0.0017348906834147714
2021-09-13,0.008237895162753387,0.0019274194502670945
2021-09-14,0.0007184200969107845,-0.003923790873493282
2021-09-15,0.003406195740053897,0.005591742752153617
2021-09-16,-0.009529959569180018,-0.0029526391249930415
2021-09-17,-0.016577692752051114,-0.009235012692690623
2021-09-20,-0.007004355690875911,-0.0033792322229336163
2021-09-21,-0.0001851957073382508,-0.00045616552775596016
2021-09-22,0.0014791378013841046,0.0030566774820127637
2021-09-23,-0.0016642043831894908,0.0007787202686769236
2021-09-24,-0.0027795429655734505,0.00045383783869392313
2021-09-27,-0.005209165384332842,-0.009644028180276442
2021-09-28,-0.018259348645240026,-0.010995231585860023
2021-09-29,0.006060868672255302,0.008241241615868618
2021-09-30,-0.00929552738935771,-0.012487384883371996
2021-10-01,0.010427534113612656,0.0035837388293446996
2021-10-04,-0.0005659265160559805,-0.004980635339317851
2021-10-05,0.0016969860200837365,0.005907926250227868
2021-10-06,0.011798699879582066,0.025291090891538838
2021-10-07,0.0031603451097374307,0.009186348689027778
2021-10-08,0.0044444884685761,-0.002304961210962916
2021-10-11,0.002030358909522821,0.001345139284620032
2021-10-12,0.0,0.004406132017856231
2021-10-13,0.0001844182389409351,0.006731920968086997
2021-10-14,0.006798462487630818,0.008006633028090045
2021-10-15,-0.002383326641611659,-0.002829769089484368
2021-10-18,-0.0099613851529041,-0.004543853173600978
2021-10-19,0.0038855041583146593,0.012634289210394193
2021-10-20,0.008825444247090678,0.007529374926218041
2021-10-21,-0.0051386649614914475,-0.013292697392876704
2021-10-22,0.0018383455607310522,0.0049510596309910015
2021-10-25,-0.004048797936700843,-0.0046995875854726425
2021-10-26,0.004416110496489949,0.012172709695429546
2021-10-27,0.019093277807738483,-0.0034807316921988286
2021-10-28,0.009322374500301552,0.006268789021843732
2021-10-29,0.005871173081827529,-0.00012358340593723508
2021-11-01,-0.0035544297276814177,-0.002106262505371282
2021-11-02,-0.0012468404832911835,0.0091357369015168
2021-11-03,0.003381029726106742,0.009540262833037749
2021-11-04,0.005492124597033272,6.094199285258704e-05
2021-11-05,0.004231275139660762,0.010233130816328467
2021-11-08,-0.00901306655524552,-0.021740875193678646
2021-11-09,0.0028363758910080043,0.00662708593410522
2021-11-10,0.004063485688043828,0.0032362168659809433
2021-11-11,0.0003524592044335813,-0.008263899345911757
2021-11-12,-0.002293832570134917,-0.00024577681537177033
2021-11-15,0.0001765095991914338,0.007045603635415207
2021-11-16,-0.007089433120895021,-0.0029959027087845622
2021-11-17,-0.005529348497648489,0.00036715297453150246
2021-11-18,-0.008983391257962003,0.0003059676789774946
2021-11-19,-0.005065985675140126,0.002383581415706917
2021-11-22,0.0061484448698153095,0.0020737273600991563
2021-11-23,0.007364187314789032,0.006678631296980734
2021-11-24,-0.008085776236895534,-0.009179346929717041
2021-11-26,-0.03114929725450898,-0.016006515629003855
2021-11-29,0.01569600947035027,0.01844590190696093
2021-11-30,-0.03208224660629079,-0.026921705999100175
2021-12-01,-0.0028638889333316517,0.002375523311058572
2021-12-02,0.014615282782790407,0.009602653179175531
2021-12-03,0.008817165562580564,0.02514511140028826
2021-12-06,0.025266423524037584,0.010328322681983327
2021-12-07,0.00544855347404306,-0.0011423733735824724
2021-12-08,-0.0038107007540646638,0.001742935375888314
2021-12-09,-0.0025486384960895937,-0.0012619292910046773
2021-12-10,0.02555459587338883,0.01586789254245176
2021-12-13,0.025957213434155274,0.004958862295648573
2021-12-14,0.0006923945478406855,-0.0024764625869693963
2021-12-15,0.0044880109004332615,0.0127877958995434
2021-12-16,0.01011080939622607,0.0014560777613609628
2021-12-17,-0.01581086350146851,-0.020699516029371347
2021-12-20,-0.0032962007778748895,0.006632721053574941
2021-12-21,0.003988955096483229,-0.00295551857892014
2021-12-22,0.007072031253583043,0.006196730930218075
2021-12-23,0.0006873979008619492,-0.0011186053781982674
2021-12-27,0.0073586800284152305,0.009904814704872224
2021-12-28,0.0039137577762657,0.005177060831457421
2021-12-29,0.0011882357445543255,0.00353293204538026
2021-12-30,-0.0028880299045830225,-0.001735898737491788
2021-12-31,0.00728868095277272,0.006005099965702986
2022-01-03,0.0015189975749073886,-0.004211393236152621
2022-01-04,0.016556912265706943,0.0014441147943268758
2022-01-05,0.00825910010784042,0.0034001727809861537
2022-01-06,-0.005277925139124927,0.00023049148103813032
2022-01-07,-0.002317898960449598,0.0012641946291188605
2022-01-10,0.001656159086757603,0.0005168358440635607
2022-01-11,0.0003309609181319607,-0.00045919167718946966
2022-01-12,0.001487789178197526,-0.0010921179038153944
2022-01-13,0.005928832044267616,0.0016087193005269941
2022-01-14,0.008013839302515785,0.008347155478049335
2022-01-18,-0.008013839302515924,-0.009610931281942119
2022-01-19,0.0016405988686669407,0.007159597280671308
2022-01-20,-0.004106843440267239,-0.007274667698924449
2022-01-21,-0.0049503766508649264,0.0016084521471514213
2022-01-24,-0.008138890914994154,-0.005121545053888152
2022-01-25,-0.0023376372336462326,-0.011547260427730834
2022-01-26,-0.003684569342388307,-0.010620116732210512
2022-01-27,0.0008385282520846679,-0.0009443793096642709
2022-01-28,0.019753393586877385,0.01929676961988189
2022-01-31,0.0027902358687876927,0.004910488900668931
2022-02-01,-0.007402983765200571,-0.006823454039736419
2022-02-02,0.010185599120970898,0.017998956286998595
2022-02-03,0.007003969253975003,-0.0005703274721235158
2022-02-04,-0.010606269449186275,-0.016558692501063316
2022-02-07,0.010443882798961105,-0.003950097774571057
2022-02-08,0.006472511752027804,0.001221660480912564
2022-02-09,-0.01560499139964521,-0.0004653468519208641
2022-02-10,0.005554570592799001,-0.020981508083553813
2022-02-11,-0.01791774513457804,0.0012462876159290157
2022-02-14,0.006447980707732016,-0.01121441417512283
2022-02-15,0.003783145647943174,-0.004448913500363774
2022-02-16,-0.00016410912005455374,0.0020464550341490343
2022-02-17,0.019834655313618277,0.002702333627386373
2022-02-18,0.0067385442968417135,0.005740445751157325
2022-02-22,-0.004166196427009739,0.0038090204571421637
2022-02-23,-0.011140708107654886,-0.009909434124045838
2022-02-24,-0.017690979910670746,-0.017550596765717002
2022-02-25,0.037942473661335824,0.027638097526961208
2022-02-28,-0.009753076527838326,-0.027943283979312714
2022-03-01,-0.004347454232798121,-0.009018246914193645
2022-03-02,0.007395475615708139,0.01377048819071415
2022-03-03,0.0006404770622166863,-0.001071299854200309
2022-03-04,0.0015995403418746902,0.015075533664260333
2022-03-07,-0.024101464817307617,-0.020110474968174634
2022-03-08,-0.040426528287971046,-0.02859856843170448
2022-03-09,0.005101201106248515,-0.0029816664287644315
2022-03-10,-0.018487225624640356,-0.018531388264970517
2022-03-11,0.0006908081473431977,-0.005060919681442097
2022-03-14,0.018273137911343832,0.013953032431556977
2022-03-15,0.018280713913006476,0.01975321632796555
2022-03-16,-0.0026871595917123724,0.004392975248580871
2022-03-17,0.010539584810973845,0.007734660838994322
2022-03-18,0.00016650484764036528,0.011429234703239732
2022-03-21,0.007954922684384594,-0.0014137833582389164
2022-03-22,0.003624976548958358,0.01089024095896046
2022-03-23,-0.006600697767535335,-0.005246844175633025
2022-03-24,0.009556799428600266,0.006037848652489896
2022-03-25,0.008978938187899872,0.004670565175130751
2022-03-28,0.006318353702529631,0.0029609280745381285
2022-03-29,0.003868596899658852,0.014734452726444648
2022-03-30,0.0008040540756377914,-0.0013683603927125683
2022-03-31,-0.0033814784472890316,-0.0034593716621604408
2022-04-01,0.013934801801758738,0.014118991879451013
2022-04-04,-0.005262705396132214,-0.002595050642244018
2022-04-05,-0.00111996842567944,0.0010625016907029146
2022-04-06,0.01003449995074311,0.016906509606532557
2022-04-07,0.005373584693650043,0.0009274270326279963
2022-04-08,0.0061288436777572316,0.003355689969530272
2022-04-11,-0.0003135728200443674,-0.0030660260889343147
2022-04-12,0.011685198456348718,0.004047632849957447
2022-04-13,0.002630076475037708,-0.0017327233032448726
2022-04-14,0.004469922654188382,-0.006378889322752896
2022-04-18,-0.00896038764103519,-0.008646663470618628
2022-04-19,0.009729087772798625,0.014447583640015275
2022-04-20,0.013584686360869699,0.014754502094884166
2022-04-21,0.0037830850393810954,-0.00359673579200209
2022-04-22,-0.014605453282248432,-0.015505427207523497
2022-04-25,0.010519054785009977,0.009193881795153836
2022-04-26,-0.013588835531346903,-0.0025355284339109666
2022-04-27,0.007809657380076811,0.008904294984270901
2022-04-28,0.009563474355189809,0.015041873879083997
2022-04-29,-0.024160260469720144,-0.03316339636145437
2022-05-02,-0.01827457721226297,-0.023272594372857464
2022-05-03,-0.005690716823815352,0.0013699906724413031
2022-05-04,0.030444664968209315,0.03434624381485519
2022-05-05,-0.008028321254978673,-0.020160721011908016
2022-05-06,0.0035589517855731906,0.00011721975943672907
2022-05-09,-0.002010001462725447,0.007541696714409543
2022-05-10,-0.00932982841609686,-0.001223783908626406
2022-05-11,0.0046758963096819785,-0.004851748788639074
2022-05-12,0.0031049817835671037,-0.0015248760975350901
2022-05-13,0.01858310831129829,0.019296254287177465
2022-05-16,0.0036451197352073117,0.01002335606762836
2022-05-17,-0.002732543817065954,-0.005772452331614927
2022-05-18,-0.07216860466450198,-0.0639655765888222
2022-05-19,-0.01980259461069228,-0.015084371945735338
2022-05-20,0.016201211113561778,0.006246132502356935
2022-05-23,0.03036416720175012,0.02068350093171179
2022-05-24,0.018285499519921426,0.013316581913357136
2022-05-25,0.0007806348375744411,0.006829142742744961
2022-05-26,0.0035835519527334368,0.006724217722920882
2022-05-27,0.005892293969591863,0.009711218878279913
2022-05-31,-0.020303585697041555,-0.023681559310095326
2022-06-01,-0.004903308776399792,-0.007539673329653306
2022-06-02,0.010410511161092484,0.008071658936481355
2022-06-03,-0.011997105577798189,-0.011039638720305195
2022-06-06,-0.0015893923712285442,0.004176866635466861
2022-06-07,0.006025913592477875,0.006142766734433285
2022-06-08,-0.005707929764926263,-0.004995713412109297
2022-06-09,-0.0174837426547708,-0.017960336612259594
2022-06-10,-0.006330589944302957,-0.0015985213759678327
2022-06-13,-0.0011406594933775446,-0.017253345777628378
2022-06-14,-0.027805076014431853,-0.02292286897187618
2022-06-15,0.007401195401133797,0.010640272556508092
2022-06-16,-0.010106085527856858,-0.004828188841272867
2022-06-17,0.006076073321619218,0.0001911439016499369
2022-06-21,0.021144429950689714,0.022973367026417398
2022-06-22,0.00738620378941417,0.008179845814715807
2022-06-23,0.011867281046248741,0.01269475494152751
2022-06-24,0.018572326035325434,0.012294618108486418
2022-06-27,-0.0020643992443430013,0.0013232388029149672
2022-06-28,-0.010064702814399602,-0.01416667904785396
2022-06-29,0.007199286958978719,0.01644853121163361
2022-06-30,0.0028654158554209394,-0.0004198668387560007
2022-07-01,0.02309797137421703,0.016247852024372022
2022-07-05,-0.01723383318479209,-0.0022457710014669465
2022-07-06,0.002052409212932461,0.00994956851236688
2022-07-07,-0.00791654740235729,-0.0019937568438814553
2022-07-08,0.0036492933214969906,0.008882963109171381
2022-07-11,-0.003172441222373761,-0.008237398018673377
2022-07-12,-0.004299119243382213,-0.005706241371289241
2022-07-13,-0.004638147490870507,0.0035335405602066956
2022-07-14,-0.003211362536931156,0.0051599212180885
2022-07-15,0.005133379677097489,0.0008183538714341903
2022-07-18,-0.013693407191194976,-0.016854524278053458
2022-07-19,0.014173179467758267,0.010641026509374468
2022-07-20,-0.016609364249620687,-0.010641026509374563
2022-07-21,-0.0022788816520680787,0.0014845494472299737
2022-07-22,0.003741234505899749,0.006506894804677383
2022-07-25,0.00969465537958639,0.0014138322704838604
2022-07-26,0.016268207728462426,0.011590156776828618
2022-07-27,-0.003168922743946173,-0.0013979388775074847
2022-07-28,0.01652656454692741,0.018763471220931336
2022-07-29,0.0017157817778561675,0.0006860197976064146
2022-08-01,0.00543955284340878,0.011309993631428464
2022-08-02,-0.013733085915988244,-0.008285380762521421
2022-08-03,0.004390038977840255,0.0076066809590221674
2022-08-04,-0.003918791092125615,-0.005443645524983127
2022-08-05,-0.004564998039173861,-0.007533906211079307
2022-08-08,-0.006490164181080098,-0.004018289127729666
2022-08-09,0.0012697305914938298,0.003731925707419794
2022-08-10,0.009471223217563333,0.008218353117611241
2022-08-11,-0.006778412514840145,-0.0051286130870583655
2022-08-12,0.0075637823958878405,0.012997982792299904
2022-08-15,0.012480608262936852,0.010936450929477136
2022-08-16,0.00818340387595425,0.00578420787405687
2022-08-17,-0.0023090163185021267,-0.000554669706760501
2022-08-18,0.005226552166721602,0.0009981060806643356
2022-08-19,-0.0007671917797725175,-0.0012757515570877907
2022-08-22,-0.014995943092233295,-0.009592432382975994
2022-08-23,0.0010899189500754253,-0.00044828309216397264
2022-08-24,0.00139937027688494,0.004977191555658314
2022-08-25,0.004805059788126184,5.591526621637512e-05
2022-08-26,-0.024418131286218392,-0.023878717759384674
2022-08-29,-0.006039573057077368,-0.003147083025272891
2022-08-30,-0.009288834851852973,-0.008633617846564013
2022-08-31,-0.007104809402304817,-0.004170554916719483
2022-09-01,0.004688317107262165,0.010058850323303161
2022-09-02,-0.01380446483491472,-0.012750853578368956
2022-09-06,0.0004904321710554132,-0.006761369726984894
2022-09-07,0.01830160881940428,0.021823688328830856
2022-09-08,-0.003053998791604093,-0.0033534154749014135
2022-09-09,0.003214459266397315,0.003180384508380195
2022-09-12,0.002884308877014933,0.003917816025100013
2022-09-13,-0.03301935050947159,-0.03803470031052443
2022-09-14,0.005277806021298196,0.0075575849062984694
2022-09-15,-0.013680639011356955,-0.016738536218838185
2022-09-16,0.00016817745641001873,0.006549419374642986
2022-09-19,0.007529572277191044,0.01048576311278234
2022-09-20,-0.0015014572831026614,0.0011253164458341158
2022-09-21,-0.00838214648433994,-0.002845639173317366
2022-09-22,-0.002359803016203467,0.0009496881627948005
2022-09-23,-0.011199817643404998,-0.00047483499806325453
2022-09-26,-0.012535576308113416,-0.00041543233734064275
2022-09-27,-0.026084902172574233,-0.014590804017788284
2022-09-28,0.01058616172306855,0.015895926960130386
2022-09-29,-0.007221521842242068,-0.012288266134719662
2022-09-30,-0.009770090945232698,-0.020311761095931465
2022-10-03,0.011183286090062541,0.012115364942393188
2022-10-04,0.002291992982298592,0.011192834925552028
2022-10-05,-0.009555658773577974,-0.0066644990334342345
2022-10-06,-0.0217498540116881,-0.019465276873551023
2022-10-07,-0.009494474384473327,-0.0073366736015289345
2022-10-10,-0.00220368758604134,0.0012987960311811534
2022-10-11,0.0016533584738565434,0.004747012368197566
2022-10-12,0.01204163520337902,0.040972143895789306
2022-10-13,0.013152230264918028,0.030350982571585052
2022-10-14,-0.0160580325524488,-0.025639387846676694
2022-10-17,0.01283104690116939,0.014814315999829972
2022-10-18,0.013377433777506819,0.01339898377446889
2022-10-19,-0.008540928549908738,-0.009758412232818444
2022-10-20,-0.015850514261180892,-0.011020296797600308
2022-10-21,0.015850514261180865,0.009288425878541723
2022-10-24,0.028364481286504813,0.026345702350625205
2022-10-25,0.02368807542906907,0.003315259399099439
2022-10-26,0.007436216141969444,0.004477522237888367
2022-10-27,0.002354283545947708,-0.0010615952105261337
2022-10-28,0.02045151352945892,0.01855427168321034
2022-10-31,-0.015090259584528896,-0.003573203059675518
2022-11-01,-0.003514867970945595,-0.004526134725732793
2022-11-02,-0.014014796866868287,-0.014039312989754563
2022-11-03,-0.0005102263903997166,-0.0025844279260859387
2022-11-04,0.008132980233238706,0.00560939857566457
2022-11-07,0.003873744968972023,0.007967016557103778
2022-11-08,0.001847338193190845,0.002770714724868848
2022-11-09,-0.014023977933902336,-0.012024962762645057
2022-11-10,0.03527316022497286,0.017488382879623905
2022-11-11,0.007201252090223199,-0.02029256540836889
2022-11-14,-0.009668194291907743,-0.007441272733140313
2022-11-15,-0.0016477799919170782,0.0025993673912527355
2022-11-16,-0.0018161386417311143,0.006413227979142717
2022-11-17,0.0031344809374695905,0.00948773341278322
2022-11-18,0.00705780616570377,0.007194785813644891
2022-11-21,0.015257830680708032,0.019064056984025583
2022-11-22,0.004339547222490473,0.00010830645293071777
2022-11-23,0.004480950014198921,0.00129734758958638
2022-11-25,0.0009573038132727059,-0.005254547329742927
2022-11-28,0.00015970083473519026,-0.0011956059635072607
2022-11-29,-0.003515070161397532,-0.0070947440620564295
2022-11-30,0.024991283965372837,0.0158656640742647
2022-12-01,0.002825842349179754,0.008318214748091333
2022-12-02,0.008740294928117594,-0.0011299044016305996
2022-12-05,-0.013769541293266397,-0.01393701088463157
2022-12-06,-0.00047264655412791783,-0.00817011057982356
2022-12-07,0.0015751563782753575,0.0030237854054068138
2022-12-08,0.004240263720305315,0.008743931309251609
2022-12-09,-0.010555493852764586,-0.003706821058821392
2022-12-12,0.013059713072973697,0.0047402351859616824
2022-12-13,0.00031264512060318717,-0.0005434808391132966
2022-12-14,0.0,-0.002777889865300483
2022-12-15,-0.013847610416053676,-0.01710667593922439
2022-12-16,-0.005720714199305304,0.0004993331897169195
2022-12-19,0.0014331818630959276,0.005529690551803202
2022-12-20,-0.0007959058327054882,-0.0006069207729546562
2022-12-21,0.015957432941915616,0.006983511705294539
2022-12-22,-0.007236310207060998,-0.007756245436755222
2022-12-23,0.007549654870409832,0.006440230086662202
2022-12-27,0.006092401172535386,0.004434462205190292
2022-12-28,-0.0100173554305195,-0.007236543632239368
2022-12-29,0.005959903770385927,0.0012645698525792653
2022-12-30,-0.005330912401994235,-0.007279855363459516
2023-01-03,-0.010429764053762074,-0.006943222510109694
2023-01-04,-0.00047675460457264235,-0.0024553890078370362
2023-01-05,-0.011509192499234013,-0.010503558749539264
2023-01-06,0.019108983220574225,0.022334809762548175
2023-01-09,-0.01253879464633404,-0.009821927372999088
2023-01-10,-0.007696052804140645,-0.008286985662457112
2023-01-11,-0.0019334579371060592,0.0011239157424000586
2023-01-12,-0.01298498579874549,-0.012831311458236648
2023-01-13,0.003587660120127463,-0.003076693293954686
2023-01-17,0.004061477328969984,0.004668194572758944
2023-01-18,-0.030786834629224834,-0.025542102175301368
2023-01-19,-0.0015057706893798386,-0.011663087421271751
2023-01-20,0.0060098096491218505,0.001472793625091995
2023-01-23,0.0024936550191609302,-0.004484027239896652
2023-01-24,0.005298861258215879,0.00924067988910054
2023-01-25,0.006256092941199947,0.00723827996249279
2023-01-26,-0.001971224875670457,-0.009995379387089415
2023-01-27,-0.0052762153948014414,-0.003531397893305531
2023-01-30,0.0024766333386209223,-0.0008256469495446502
2023-01-31,0.011151260203091458,0.009045650684504226
2023-02-01,0.0001631597785826255,0.0031524929018292187
2023-02-02,-0.01726877591447692,-0.009310948218443148
2023-02-03,-0.00749316938912025,-0.005013730989543879
2023-02-06,0.005666619680910828,0.015839214774339694
2023-02-07,-0.0016632388109383493,-0.0015145355663527382
2023-02-08,-0.005843467483897189,-0.002334277748200476
2023-02-09,-0.0016759958971287892,0.009420346133895887
2023-02-10,0.0,0.01960067448027575
2023-02-13,0.016303799877878576,0.008871014407541407
2023-02-14,-0.01680726115796452,-0.011314400752239788
2023-02-15,0.0,0.0013643765276421006
2023-02-16,-0.006228250896382529,-0.002844653716569368
2023-02-17,0.01508317615392349,0.004377552447380451
2023-02-21,-0.00533693286022853,-0.0005675904068643649
2023-02-22,0.003005400068056244,-0.00034019639475522874
2023-02-23,0.0018323305141102043,0.0010780405061443861
2023-02-24,-0.004169098690608419,-0.0019872440749499746
2023-02-27,-0.0003340466236656127,-0.00028427105559743936
2023-02-28,-0.005195761787646617,-0.013621772987636723
2023-03-01,-0.010982634114782099,-0.012759126013583531
2023-03-02,0.01450527541443855,0.018282871207228244
2023-03-03,-0.004699713497250366,-0.0009813275344058914
2023-03-06,0.015359219207899262,0.002019536260861498
2023-03-07,-0.005815381910308438,-0.004969310150708562
2023-03-08,0.0004997257922580529,0.0027188094449450864
2023-03-09,-0.009707094895912032,-0.007596102320510863
2023-03-10,-0.0042134363896346744,0.0013379078349974962
2023-03-13,0.01008245238232794,0.009718362885810827
2023-03-14,0.0036716259146381876,-0.0010368535802289306
2023-03-15,0.006641110063074944,0.017706604237991485
2023-03-16,0.005487667323575262,-0.0006794917491476142
2023-03-17,-0.00465414709219649,-0.007848998841539933
2023-03-20,0.009616867431970903,0.013948934832029353
2023-03-21,-0.004631053647190585,0.0023620609626144196
2023-03-22,-0.004486245927663453,-0.008461996953103719
2023-03-23,-0.0021671626818922773,-0.00488426377807807
2023-03-24,0.016222883632344504,0.019395144562129926
2023-03-27,0.00736192810595386,0.00223115638259212
2023-03-28,0.0011403669344622913,-0.00033446678586319907
2023-03-29,0.007138230300695887,0.006886849834850878
2023-03-30,-0.00016175949021153335,0.0008851010172938784
2023-03-31,0.002906245074410479,0.008096392788553314
2023-04-03,0.005947023715963606,0.0010966987030488979
2023-04-04,-0.0030494720004943655,-0.0035680845641942473
2023-04-05,0.009439293379588822,0.009795117897012328
2023-04-06,0.0006368968113387185,0.003913076259272142
2023-04-10,-0.0023900027388707706,-0.006311908199326542
2023-04-11,-0.001756252196838925,-0.0015295223917636109
2023-04-12,0.0017562521968389048,-0.0019700265764124162
2023-04-13,0.007310859577284548,0.00991994584550618
2023-04-14,-0.0015846749517345576,-0.004729701335390145
2023-04-17,0.006481635148647558,0.005109225563927774
2023-04-18,0.0015745113879216267,0.0020579913861579037
2023-04-19,0.0018862001597925032,-0.0005952866335268453
2023-04-20,0.004387369118623491,0.0032968214947328733
2023-04-21,0.0014062724460262783,0.00043170674081347455
2023-04-24,-0.001562654422529683,0.0004854357969356145
2023-04-25,-0.0015649016888002458,0.022441624554084796
2023-04-26,-0.004709585363528078,-0.0061865850430676455
2023-04-27,0.002043499910208292,0.006081053676861525
2023-04-28,0.0073536603909294595,0.006306290061910105
2023-05-01,0.0023354745989742458,0.004129852934549082
2023-05-02,-0.004520156625464598,0.0029693295073860075
2023-05-03,-0.0056400622578265,-0.0003641232843782588
2023-05-04,0.001099182157141545,0.006224746097765827
2023-05-05,0.004696785609331061,0.004591717440685034
2023-05-08,-0.0015631894459741363,-0.004746880394646171
2023-05-09,-0.008326027537425095,0.004077415743345543
2023-05-10,0.0017337635470303448,0.0006694646513005908
2023-05-11,0.005653281887930237,0.005492455006968483
2023-05-12,0.003907127136395108,0.003985233053407597
2023-05-15,-0.002655258754572689,-0.009477688060376167
2023-05-16,-0.011324305235397283,-0.004333433439095995
2023-05-17,-0.001107947215698836,-0.007107793763404949
2023-05-18,-0.005557753649752522,-0.0026064764362542423
2023-05-19,0.00047759299422345366,0.0014604061779290667
2023-05-22,-0.021232836934147896,-0.027479974530628004
2023-05-23,-0.0017899052199412133,-0.0030588103695515932
2023-05-24,-0.008505075545322448,-0.006361711089262597
2023-05-25,-0.007750245662980388,-0.0059130779505982695
2023-05-26,-0.0024861208545727998,-0.0011975117933117475
2023-05-30,-0.007997236855797328,-0.0107890803140409
2023-05-31,-0.0020095194044874674,0.004066425950196314
2023-06-01,0.00568273714301518,0.006083463486485768
2023-06-02,0.019148937940252093,0.010211839885403426
2023-06-05,-0.006726345810796783,0.0007059592654979877
2023-06-06,-0.007268992366608048,-0.014381676050710435
2023-06-07,-0.0014936147813207315,-0.008018138118969693
2023-06-08,0.0024878401808262583,0.010987990054877439
2023-06-09,0.0016551049515049201,0.0013718563410004977
2023-06-12,-0.00430911027034879,-0.002470679232164452
2023-06-13,0.003978196567239987,-0.0019810044767580946
2023-06-14,0.006759753881677634,0.008938514565641053
2023-06-15,0.013648093712488428,0.013771646326952333
2023-06-16,0.0071604100093715355,0.0017754126656255617
2023-06-20,-0.006670580598391006,-0.003931570138599201
2023-06-21,0.0027712225260729524,0.0006472708872574724
2023-06-22,0.006813693462948668,0.010300946338202775
2023-06-23,-0.010564883352352769,-0.006855494155555916
2023-06-26,0.00032678532624791677,-0.006361707724700809
2023-06-27,-0.002125672895209676,0.007167726730113212
2023-06-28,-0.00937431067755151,-0.013624880544167516
2023-06-29,-0.008295984494068948,0.0009793927691030897
2023-06-30,0.0033265457786253575,0.007261133005786811
2023-07-03,0.0059604113927041865,0.0020493570494300993
2023-07-05,0.007400504958879236,0.005266356292495979
2023-07-06,-0.007730743154135124,0.00010709663912631548
2023-07-07,-0.013298217111696419,-0.019044067274619235
2023-07-10,-0.007558514924100268,0.0066415577959527275
2023-07-11,0.0035344177960176656,-0.0017377406023164495
2023-07-12,0.005361989086546509,-0.004412436060087065
2023-07-13,0.008486709970698754,0.02352421002224819
2023-07-14,0.009072129261605463,0.0036195798857190753
2023-07-17,-0.0014789059234493996,-0.013803021763886102
2023-07-18,-0.003954544629147933,-0.006377113238920638
2023-07-19,0.01751130815203717,0.009765171851097158
2023-07-20,0.012093970089637347,0.016189652455558402
2023-07-21,0.0008010565132877458,0.004532739425327236
2023-07-24,0.00032016248687344247,0.00398863639075759
2023-07-25,-0.0033677721371406597,0.0023020116207347154
2023-07-26,0.012769603372741984,0.001253233965997864
2023-07-27,-0.009721993722474743,-0.016152774225504356
2023-07-28,0.0006404237659127573,0.009397222055877319
2023-07-31,-0.008841830738804103,-0.01508877841442929
2023-08-01,-0.0025868936164060103,-0.003419585684241896
2023-08-02,0.0030713231154214427,0.007943793442082061
2023-08-03,-0.005178049129049136,-0.006339326491444266
2023-08-04,-0.01520272270136762,-0.013558808317243836
2023-08-07,0.007875382069770995,0.012328693820280675
2023-08-08,-0.004422190953060798,-0.01319600654355734
2023-08-09,0.002295406002095613,-0.0024970941963658017
2023-08-10,-0.0022954060020955814,-0.0012509358969548495
2023-08-11,0.004095313889804937,0.0015768237231457132
2023-08-14,-0.004751936050895996,-0.0022845672609220196
2023-08-15,-0.006757502247002593,-0.012439435482805948
2023-08-16,0.00016530918521478642,-0.0007722970202027847
2023-08-17,0.002147158751866292,-0.015348254519864468
2023-08-18,0.00559404661821741,-0.001514292556992898
2023-08-21,-0.008568232793922504,-0.006361995920640774
2023-08-22,-0.006141549322307307,-0.007654196630945846
2023-08-23,0.0034904280413028876,0.013679392824378687
2023-08-24,-0.0026583078777815488,-0.005291199194114416
2023-08-25,0.004647342168762444,0.012563250051030735
2023-08-28,0.002811089542887418,0.00461532139449733
2023-08-29,-0.0009913694340037507,0.0037655888777333975
2023-08-30,-0.0004959148802359986,0.0008286237114528451
2023-08-31,-0.010640188235784618,-0.010594442883530448
2023-09-01,-0.008729259485772465,-0.014721037389914716
2023-09-05,-0.008296048319184639,-0.006638789416610174
2023-09-06,-0.0006803582123025302,0.0032676354442183336
2023-09-07,-0.007684946954688618,0.009512054628224888
2023-09-08,0.0,-0.0007370114131620458
2023-09-11,0.009384904168684188,0.014977604991955742
2023-09-12,-0.0098994885202076,-0.0036952607847186196
2023-09-13,0.0023986532170403364,0.007878131703959755
2023-09-14,0.008244419098752198,0.008589593213679459
2023-09-15,-0.008934585829138156,-0.007699574161266536
2023-09-18,0.006194062800834077,-0.0025609546866218426
2023-09-19,-0.0020604752565008375,-0.00592680964201208
2023-09-20,0.0044589856756703725,0.000336359972406936
2023-09-21,-0.015520349116978095,-0.016960962236643208
2023-09-22,0.001042299544631825,-0.0006273965524029987
2023-09-25,-0.010471186629178002,-0.005377450618945332
2023-09-26,-0.00827991274824516,-0.010437068503547725
2023-09-27,-0.010313013629553239,-0.01724730106521883
2023-09-28,-0.0025053131161926596,-0.00041302449958795906
2023-09-29,0.0030412972392835757,-0.0003539847907787559
2023-10-02,-0.008971717140551987,-0.0015947855840890062
2023-10-03,-0.010873568813620633,-0.008727387298410614
2023-10-04,0.002911133108603613,0.0071895511331610176
2023-10-05,-0.049535470462881696,-0.05356749375159783
2023-10-06,0.014405057297117241,0.0011858529531063962
2023-10-09,-0.00490472368451549,0.006653251254887075
2023-10-10,0.021514332207488985,0.01866444534310833
2023-10-11,-0.005940241588398945,-0.010886105894584294
2023-10-12,-0.01689868949642863,-0.028314914354641313
2023-10-13,0.001513717837935174,0.012072559721224273
2023-10-16,0.010158194707145123,0.006727341861806258
2023-10-17,0.011907035329688958,-0.004417585795393917
2023-10-18,-0.0003698630010543799,0.010297900489775911
2023-10-19,0.005534933083704191,-0.00911383084420249
2023-10-20,0.004039761618011876,-0.0034938257119858734
2023-10-23,-0.00901979769071356,0.0004997900645814077
2023-10-24,0.028437735529119622,0.013094892685135077
2023-10-25,0.008589960044388693,0.0009859481972445097
2023-10-26,-0.006076703254677834,-0.005806744930207904
2023-10-27,-0.009727992276300841,-0.011151945163125586
2023-10-30,0.016339130560912685,0.01652739842574076
2023-10-31,0.006037003304140864,0.006143280676725059
2023-11-01,-0.0008854947916775939,0.009690777188479549
2023-11-02,0.011450792850154937,0.011818086912107529
2023-11-03,-0.006149547566588683,-0.0002397530066236539
2023-11-06,0.0040455743237371115,-0.0005397565271358013
2023-11-07,0.003679216875329165,0.0028751034358885214
2023-11-08,-0.001575243632477549,0.0012555360801512195
2023-11-09,-0.007560335260188807,-0.007375208771107249
2023-11-10,0.0010582589892637927,0.004563414847945658
2023-11-13,0.003695550255782914,0.005079186133397521
2023-11-14,0.0029816999503786356,0.0020246954471902254
2023-11-15,0.001924599969660846,-0.005128868755692217
2023-11-16,-0.0010494085885435103,0.002746740418904498
2023-11-17,0.0019228453034383186,-0.005680694794285792
2023-11-20,0.0024421660931799906,-0.0014401897817095319
2023-11-21,0.010915855340830026,0.007657087346870832
2023-11-22,0.006698149132275114,0.008427032035242454
2023-11-24,0.002564295467663467,0.0008858768318727852
2023-11-27,-0.0018800108659649593,-0.006218691907680357
2023-11-28,0.002050829711291447,0.0032031004986493054
2023-11-29,-0.005992733015198253,-0.010118532276093944
2023-11-30,0.011530920935285781,0.01433352683644791
2023-12-01,0.0034165791465711635,0.002374091876590705
2023-12-04,-0.001194549314486218,0.0026641334857918603
2023-12-05,0.0015355168559142954,-0.00711998840995071
2023-12-06,-0.0010234628175681633,-0.0025637086127442915
2023-12-07,0.002386382297452313,-0.0002987435814389773
2023-12-08,-0.002215521220925051,-0.010686196946553188
2023-12-11,0.007309761966250987,0.012833954712031371
2023-12-12,0.006415663233879535,0.003865516402934929
2023-12-13,0.008546314821980788,0.020795033171867545
2023-12-14,-0.014961978055860279,-0.022101671159996124
2023-12-15,-0.007480623042778125,-0.007457150702770523
2023-12-18,0.007141780557047947,0.011372253605887298
2023-12-19,-0.003224532550026995,-0.005699802309020358
2023-12-20,-0.020955600815738346,-0.01354783774508142
2023-12-21,0.006574390715334934,0.007695805725767943
2023-12-22,0.005674469250542091,0.004243094832552504
2023-12-26,0.004106742811423676,0.007012572340232492
2023-12-27,0.00255829910213564,0.0031928571042897772
2023-12-28,0.0006809359524742351,-5.897539811095542e-05
2023-12-29,0.0030592919507259073,0.0026529396040189846
2024-01-02,0.014989697600479215,0.017914371222622565
2024-01-03,0.0023377009426213484,0.00023137211819380347
2024-01-04,-0.0033413763278079276,-0.008594064602613223
2024-01-05,-0.0015071624145297573,-0.01486471464913364
2024-01-08,0.0073469040855475235,0.0010057748533369292
2024-01-09,-0.0018316203043170567,-0.01153819387687946
2024-01-10,0.0033278956363621197,-0.0014966423308248396
2024-01-11,-0.006499608393287475,-0.0047440242065686375
2024-01-12,0.009650737130944519,0.0068387977358788975
2024-01-16,-0.006645651768216477,-0.006598187268690989
2024-01-17,0.0,0.0016235459895212645
2024-01-18,0.0028297195760808753,0.0043765100806843335
2024-01-19,-0.005500368320172469,-0.008349524687680404
2024-01-22,-0.004355247149830759,-0.004049877559682609
2024-01-23,0.004689365151060607,0.015206919434341378
2024-01-24,-0.015830460516663897,-0.012243558784669517
2024-01-25,0.004234689531923693,0.005780251027125123
2024-01-26,0.00354339426489198,0.007774898267444264
2024-01-29,0.0060453013943041105,0.0017260442134246071
2024-01-30,0.0028422266429266,0.008704112258033985
2024-01-31,-0.006868294866369923,-0.006446895906701423
2024-02-01,0.02473769766797909,0.018635165590662455
2024-02-02,-0.007241637027769829,-0.004260698471411452
2024-02-05,-0.008293252015511154,-0.000292499425452847
2024-02-06,-0.001666963357326235,0.002920954468165211
2024-02-07,0.0008338290244771728,0.00029184324907700513
2024-02-08,-0.002670648744091468,0.013784426988702699
2024-02-09,-0.004523077436748005,-0.036194979098870074
2024-02-12,0.0023477557733148336,0.017382405195250878
2024-02-13,-0.005879895849592237,-0.010191735851107313
2024-02-14,-0.001011418993160871,-0.008085506149513881
2024-02-15,0.001853533727078427,0.002027362939739814
2024-02-16,-0.00016838011767905862,-0.009216755636509918
2024-02-20,0.021818023342339222,0.013911901064540792
2024-02-21,0.008856754231024042,0.0010666780752990135
2024-02-22,-0.0014705091324517872,-0.003441233323501002
2024-02-23,0.0008172014849588023,0.007991964005114835
2024-02-26,-0.008038903978468105,-0.007932488728483292
2024-02-27,-0.0061131546855026425,-0.0005945105961570353
2024-02-28,0.0009939642644052013,-0.006742566904244029
2024-02-29,-0.00631130749296694,-0.0025672612299161616
2024-03-01,-0.008197461114707696,-0.004546326228501185
2024-03-04,0.004692439359520195,0.004727822979630266
2024-03-05,-0.004860451731281718,-0.02034222298878067
2024-03-06,0.0005038831715838851,0.005907267525492034
2024-03-07,-0.0018488605055620234,0.0006744985233053985
2024-03-08,0.001344977333978233,-0.00036795459919116476
2024-03-11,0.012024284930329525,0.01025067378198832
2024-03-12,0.004306638045806538,-0.0011538623034920517
2024-03-13,0.010195717763100819,0.004608191475507294
2024-03-14,-0.002228874670434765,-0.0031504958122618113
2024-03-15,-0.010300674945464255,-0.0007285822220653403
2024-03-18,0.004166325238591215,0.039299894496314436
2024-03-19,0.0016617090830390506,0.0031482616823929215
2024-03-20,0.008596425461579713,0.0003491200203256385
2024-03-21,-0.004619675445563199,0.0034272168500754942
2024-03-22,0.0003307338352009418,-0.0024965334991921195
2024-03-25,-0.0014889950099926839,0.003366205762134619
2024-03-26,0.002315182332574385,0.000752671583055029
2024-03-27,0.008061052298945423,0.004851395557098457
2024-03-28,0.0024550334210884863,0.008262009099421224
2024-04-01,-0.00820618362500539,-0.011667169824456322
2024-04-02,-0.008772814826236139,-0.008942492190238745
2024-04-03,-0.005334090131963009,-0.010319063983432505
2024-04-04,-0.00889793623851315,-0.00017668873512157485
2024-04-05,0.0035351033795844758,-0.0030107722055962727
2024-04-08,-0.004041238509549012,0.002597850332208496
2024-04-09,0.007563820405263251,0.006055558686840042
2024-04-10,-0.01348653252908798,-0.009777466713799818
2024-04-11,0.002204014928997681,-0.003498140998702742
2024-04-12,-0.013125538659304156,-0.0015456256732409108
2024-04-15,-0.0024051396123837784,-0.006864748320551248
2024-04-16,-0.001376916818347372,0.0032888988149883214
2024-04-17,0.00772077714587235,0.01175176338329022
2024-04-18,0.006813147542504155,0.01632811229076595
2024-04-19,0.021163022174496338,0.010738956833658456
2024-04-22,0.006295575239464663,0.01329228186898638
2024-04-23,0.0014853091136536316,-0.03014505142235994
2024-04-24,0.014895139797805277,0.03551434963588322
2024-04-25,0.0030820309559600233,-0.0041235556904172885
2024-04-26,0.0,-0.006245338818481451
2024-04-29,0.004847332698515115,0.0031844520569618744
2024-04-30,-0.0043615075809612935,-0.001306684914408391
2024-05-01,0.0025869343772979944,-0.004329836953073757
2024-05-02,0.0009684354250321024,0.0017114291196329767
2024-05-03,0.002899428409479318,0.003981758946115748
2024-05-06,0.0028910460226529333,-0.0018751111775151376
2024-05-07,0.004320957662270798,0.012435210945388553
2024-05-08,0.0036663055612887593,-0.0034323235142031962
2024-05-09,0.00047724695179682215,0.0036569520174192694
2024-05-10,0.006025129313835429,0.009668889947273452
2024-05-13,0.005045729606426373,0.00615490508154439
2024-05-14,-0.007578206340093941,-0.005709840534018869
2024-05-15,0.00047529169903735396,-0.002282177590243544
2024-05-16,0.0030052047040732568,0.020134640226739945
2024-05-17,-0.004590454603850354,-0.005036800892967484
2024-05-20,-0.007324849716845078,-0.010372595061986184
2024-05-21,0.005419174633204592,0.0042614040514837035
2024-05-22,0.0014294992130436703,0.005562076916691682
2024-05-23,-0.014549679129541845,-0.015608108894710504
2024-05-24,-0.001450531230602442,-0.0071655262496735875
2024-05-28,-0.0029075223033305088,-0.026241636156261648
2024-05-29,-0.001942944777044216,-0.012945373826111713
2024-05-30,0.004366510744801343,-0.003922461245401781
2024-05-31,0.015372640700142961,0.014095328116136447
2024-06-03,0.0,-0.009705731086903561
2024-06-04,0.01592200564437998,0.015415297418223818
2024-06-05,-0.000312885717667813,-0.0023029292193511674
2024-06-06,0.003591810186373375,-0.0016728592430999085
2024-06-07,-0.0037481296541169184,-0.00469545131615475
2024-06-10,-0.005019610194815235,-0.030512467720430023
2024-06-11,-0.0006293151740588653,-0.005015508351982905
2024-06-12,-0.010598867603351284,-0.007540115796195053
2024-06-13,0.0017479160965793187,-0.0030566368669187
2024-06-14,0.0007195191451804249,0.002934514093009688
2024-06-17,0.0011184906404719656,0.014123500859221809
2024-06-18,0.00015973788752366192,0.0020442056954602466
2024-06-20,-0.007210908231872908,0.0012006948653980026
2024-06-21,0.009443787124870796,0.003593359412780399
2024-06-24,0.018937028939413077,0.0047710820741110405
2024-06-25,-0.002034236715007652,-0.00435258081691862
2024-06-26,0.0032839819603824407,-0.003651943121193675
2024-06-27,-0.0021881437717646184,-0.0028826742418593273
2024-06-28,-0.004076515134265246,-0.008031850108807576
2024-07-01,-0.0058301075656135145,-0.012446095366288611
2024-07-02,-0.0020565052556079507,0.004227222176861403
2024-07-03,0.0028463588574623023,-0.00600888298201708
2024-07-05,0.006766817396487316,0.010948369066845072
2024-07-08,-0.012626277313505631,-0.013904855190471731
2024-07-09,-0.004297777161780356,-0.0013580512818418954
2024-07-10,0.0022308089528482035,0.010384366348041718
2024-07-11,0.004288092098882379,0.0021981722480285066
2024-07-12,0.009463726340078249,0.014713127971756477
2024-07-15,-0.004563023247174088,-0.015262091445713801
2024-07-16,0.013471376807797824,0.0054774315445505406
2024-07-17,0.01451993348226314,0.0306613019329069
2024-07-18,-0.0003066092443096867,0.002821460703060897
2024-07-19,0.0015327290708840272,-0.005945886660341424
2024-07-22,-0.007996407891776237,-0.010088455932929613
2024-07-23,0.002929148313940346,-0.008265159602176319
2024-07-24,0.013000108419728902,0.011302160174918353
2024-07-25,0.003942980500565563,0.016805311789428488
2024-07-26,0.014723914827824106,0.010064861258836339
2024-07-29,-0.003286492619356881,0.0026594144456801513
2024-07-30,0.012638693965579057,-0.00017336440632322
2024-07-31,-0.01398654202976099,-0.002949108173740774
2024-08-01,0.018114806950100575,0.013174965945099105
2024-08-02,0.019958473190451343,0.01745096620840475
2024-08-05,-0.017900415950696875,-0.02272328423723339
2024-08-06,-0.0007343893600008446,-0.008945674615421955
2024-08-07,0.006006855357078455,-0.0040666529042438365
2024-08-08,0.003936319214714363,0.00337050408993807
2024-08-09,-0.0007278325313409339,0.00011615485045108381
2024-08-12,-0.00745356981387632,-0.0056426631692214025
2024-08-13,0.00424508313050309,0.005526508318770349
2024-08-14,0.00175146736351979,0.007744088005224476
2024-08-15,0.0010200180595073588,-0.006873977683364432
2024-08-16,0.0076904233882374,0.0005793644456274792
2024-08-19,-0.0028949407002831226,0.006927846873713854
2024-08-20,0.00578199322933341,0.011610942837561514
2024-08-21,0.0027349017760691973,-0.0036461850419623304
2024-08-22,-0.0034559131627647155,0.003020452716253215
2024-08-23,0.006613288502857596,0.0007393051794623918
2024-08-26,0.014932944170058172,0.0005685207152895469
2024-08-27,0.009273423679023066,-0.003814772760915414
2024-08-28,0.0034905791148500905,-0.007903326621101148
2024-08-29,0.004172607574935782,-0.010577720574489713
2024-08-30,0.005812419901577271,0.004579984332438992
2024-09-03,0.007423492207590024,0.026598158888285706
2024-09-04,-0.006182764737570292,0.005504904695664947
2024-09-05,-0.01934229639107061,0.004359596315898609
2024-09-06,-0.0004215947199286441,-0.003405622721478996
2024-09-09,0.009930827712945088,0.004781622571109501
2024-09-10,-0.004183906955829758,-0.002134915287847631
2024-09-11,-0.0065906437982643905,-0.011482381194357101
2024-09-12,0.0021079743489950528,0.00832791301361451
2024-09-13,0.009356207676365594,0.000620458337796758
2024-09-16,0.009616085215221778,-0.0008460988939080608
2024-09-17,-0.004169573847163878,-0.0019205159568441937
2024-09-18,-0.0006966785755485506,-0.009429747757429281
2024-09-19,-0.015874429508595266,-0.0031440409691888415
2024-09-20,0.014340093595442454,-0.020125467735180293
2024-09-23,0.0012557759684174766,0.005418080337592059
2024-09-24,-0.0055919673660398145,-0.012806162878665919
2024-09-25,0.0016804582303763472,-0.0030649886517834335
2024-09-26,-0.0006997536125029464,0.001710701490470488
2024-09-27,0.005447159424700568,0.0018250658079906857
2024-09-30,0.0009747608715789452,0.0002941726343190529
2024-10-01,-0.0020897451326364756,0.007790718680509628
2024-10-02,-0.009809509563662493,-0.010735373859278296
2024-10-03,-0.006924307330240754,-0.0060342358175353
2024-10-04,-0.004975437625702084,-0.003328260430138202
2024-10-07,-0.01666946985692255,-0.0045348642037339355
2024-10-08,0.0024603268702072605,0.019015414217590676
2024-10-09,0.005621702254791377,0.012362995286786742
2024-10-10,-0.004610301030646908,0.0026048023760055594
2024-10-11,0.004610301030646785,0.010465849260711476
2024-10-14,0.011007144360671487,0.007352601799844783
2024-10-15,0.0,-0.0011366495906338558
2024-10-16,0.003264559614252752,-0.008105583850574255
2024-10-17,-0.009539430665241506,0.0010884944726508544
2024-10-18,0.007695644121178449,0.0022301515651097004
2024-10-21,-0.014154174303625144,-0.00028556417702453244
2024-10-22,0.0,-0.0036635012021708174
2024-10-23,-0.020952341839020984,-0.008177091377066733
2024-10-24,-0.010494469738499618,-0.004578220626312802
2024-10-25,-0.0056624878977983755,-0.00215150469393293
2024-10-28,-0.0037428044614471988,-0.01141593530279789
2024-10-29,-0.016789283761815002,-0.013873564652192073
2024-10-30,0.005476077588374118,-0.007731177056304648
2024-10-31,-0.009296857791388833,-0.0007823332449638817
2024-11-01,-0.004603818337620612,-0.0029548978523610573
2024-11-04,0.0015369210284129232,0.004518952775400494
2024-11-05,0.003985357505630111,0.009036934819509658
2024-11-06,-0.025878845693774296,-0.018884392096944997
2024-11-07,-0.0006281415199781962,-0.00431980157317416
2024-11-08,0.004075758542183903,0.00674537850664073
2024-11-11,-0.008799502556735029,-0.00516150244044102
2024-11-12,-0.002528449738143703,0.000487096934541684
2024-11-13,-0.00316957901643732,0.002431031145757372
2024-11-14,-0.00716856364286093,0.002485648720361029
2024-11-15,-0.013034040442621686,-0.0403427950751299
2024-11-18,0.0019416853810670463,-0.0018299915730261831
2024-11-19,0.011731704441403491,-0.010220690870833112
2024-11-20,0.006370471291849708,0.012806841549318488
2024-11-21,0.012150067089173868,0.010029062926103156
2024-11-22,0.00250620719330424,0.01029967489198233
2024-11-25,0.007170796990264351,0.006460594535430203
2024-11-26,0.0026370948873230024,-0.005473260693882727
2024-11-27,-0.0018606939774450683,0.0034473024129967455
2024-11-29,0.00210894580442223,0.0044761996112969975
2024-12-02,-0.006732954876276163,-0.002450241330411165
2024-12-03,-0.0020445465248476657,-0.008314069132716023
2024-12-04,-0.02083907871538706,-0.00944454100419334
2024-12-05,0.011348272972019383,0.0019335220835257697
2024-12-06,-0.006217562399307984,-0.008488180862110204
2024-12-09,0.0011188624950807745,0.010590966836801326
2024-12-10,0.004939806140473116,0.002317421474829279
2024-12-11,-0.004301109055655023,-0.019393431901201737
2024-12-12,0.018975846195685504,0.01349516073568441
2024-12-13,-0.011342307125294725,-0.0058698131424429825
2024-12-16,-0.009071405614333491,-0.01242090005557049
2024-12-17,0.01349769368413463,0.0007686553692644007
2024-12-18,-0.008712929722522087,-0.011012133928092444
2024-12-19,-0.006384700912695688,-0.019353337009426
2024-12-20,0.0015999369510831694,0.00867673560659148
2024-12-23,-0.0027214884464929743,-0.009865786370559234
2024-12-24,0.007347117956485963,0.009996877457917419
2024-12-26,-0.00430597466027191,-0.0024241633569206025
2024-12-27,-0.0019195918008043749,0.0029475003244773977
2024-12-30,-0.006748126007667054,-0.007681818729757961
2024-12-31,0.003700937529729908,0.002238348088712843
2025-01-02,-0.006768660556705596,-0.01224078405936782
2025-01-03,-0.0014564163892178048,-0.0037352549209033687
2025-01-06,-0.015339587548776583,-0.022844835543798896
2025-01-07,0.000493126256630855,-0.00596579980117077
2025-01-08,0.014198425963735807,0.007809983796869832
2025-01-10,-0.010425236609922938,-0.026974488079676628
2025-01-13,0.009452590349178351,0.012955499424493514
2025-01-14,0.006306033301509854,0.003109434197667933
2025-01-15,-0.004361491461315384,-0.0011736720924003076
2025-01-16,0.007740702710240008,0.012083226549915506
2025-01-17,0.0073624686509520315,0.011601620481354035
2025-01-21,-0.004635304585287373,0.002021473298001151
2025-01-22,-0.010306040776866606,-0.0031013171130738
2025-01-23,-0.004054893489370652,0.0035724361549469767
2025-01-24,0.006318358630431477,0.0033586340466836596
2025-01-27,0.03100674134168825,0.036154587242725085
2025-01-28,-0.02392580740607101,-0.028605295710036744
2025-01-29,0.0075085867787567226,0.0007981620396690416
2025-01-30,0.019231394698149232,0.010123509254917564
2025-01-31,-0.008939161279071838,-0.007997463028937342
2025-02-03,-0.0020499644405833736,-0.0027911188749243265
2025-02-04,-0.010792148857086362,-0.04616830506146326
2025-02-05,0.007154815762356534,0.015009714429635754
2025-02-06,0.003795060157096599,-0.002130468642318406
2025-02-07,0.007547246968198237,-0.005311619030872194
2025-02-10,0.011060181521942174,-0.0015920929805602736
2025-02-11,0.04616782612085824,0.008896766540162205
2025-02-12,0.0162869018354457,-0.011393912091281476
2025-02-13,0.01143199584825722,0.004089238531679525
2025-02-14,-0.009106004791569224,-0.008264827085454259
2025-02-18,0.002610187803738369,0.004939219767808524
2025-02-19,0.014663546785155357,0.011796914397016304
2025-02-20,-0.00042804087832377604,0.022312984130512182
2025-02-21,0.01853085528365563,0.029083157140784875
2025-02-24,-0.01070892480248361,0.0022776808709601827
2025-02-25,0.012669318230884878,0.01656658211497235
2025-02-26,-0.009698796249770466,-0.03189313776412974
2025-02-27,0.0009881786746467947,0.0033603973892753452
2025-02-28,0.004786092468596157,0.009493197774901475
2025-03-03,0.01546758660923003,0.016286655214829256
2025-03-04,-0.02989490897217175,-0.011606301511065394
2025-03-05,-0.0015683018390288692,-0.0020125958799301746
2025-03-06,0.0054075912730250945,0.0047329580638487264
2025-03-07,0.01367274787171929,0.007702397260413222
2025-03-10,0.00027986567302933996,0.011651597822570721
2025-03-11,-0.005754594449932083,-0.025408025287196438
2025-03-12,-0.01560537165771884,-0.027688995670067346
2025-03-13,-0.004585988633007191,0.0011465142312835632
2025-03-14,0.0007233860483506508,0.0016840959139567567
2025-03-17,0.013785384224583504,0.018338000476762296
2025-03-18,-0.01060958120683543,-0.01564961524238395
2025-03-19,-0.001442359229830785,-0.005924038754994734
2025-03-20,0.0061875177786560875,-0.006502775652222904
2025-03-21,-0.015031236535283488,-0.011620141499192719
2025-03-24,0.004069153286734667,0.006851601740752491
2025-03-25,-0.002032564649829564,-0.006233102879662722
2025-03-26,0.017431830612937283,0.021076420066738162
2025-03-27,0.010230230123286084,0.006905737588984969
2025-03-28,-0.005244002801405281,-0.002676154605806839
2025-03-31,0.017607162697342586,0.004478375545623627
2025-04-01,0.0034845786612613234,-0.0018022209398167865
2025-04-02,-0.007541795757880166,-0.003681711325233648
2025-04-03,0.025605114544218547,0.01497584580230496
2025-04-04,-0.045427570118573075,-0.03195109501344218
2025-04-07,-0.022560371792815493,-0.02360357880503089
2025-04-08,0.0007308640820001304,-0.020389349880274694
2025-04-09,0.022115554445210326,0.03701123866993465
2025-04-10,0.011513125544887377,-0.01000914069613577
2025-04-11,0.00942410715944495,0.002009679261497893
2025-04-14,0.014178630809956736,0.015935438987051614
2025-04-15,-0.008176795906773312,-0.02700529088709455
2025-04-16,-0.002508114585570382,-0.01943991716560265
2025-04-17,0.018247643499142013,0.019439917165602602
2025-04-21,-0.0031555867898405894,-0.007801234901826296
2025-04-22,0.015409037539909366,0.01213258845683604
2025-04-23,-0.008152225371115896,-0.008399977982169656
2025-04-24,-0.010698220404197519,-0.0500879062318103
2025-04-25,-0.008446821381912823,-0.014366329832539342
2025-04-28,-0.0016703245882195275,0.0028447972981431612
2025-04-29,0.007770099649740271,0.004103444681807293
2025-04-30,0.0027608208540243965,0.00941150168107651
2025-05-01,-0.01752006963117745,-0.015085995631321111
2025-05-02,0.0050370707205427195,0.0014962817988679615
2025-05-05,0.0006976400565755581,-0.01324599990151718
2025-05-06,0.000278764647686945,-0.00951560785914644
2025-05-07,0.0094368855922417,0.00898509634161184
2025-05-08,-0.017135113107159813,-0.0037214203162281878
2025-05-09,-0.009174965565068171,-0.007560876797063963
2025-05-12,-0.014138105666845775,0.009461322387357692
2025-05-13,-0.008231734884337254,-0.010458560283497379
2025-05-14,0.002896343444289318,-0.01437643896940261
2025-05-15,0.034811800601038216,0.02346710421656008
2025-05-16,0.005431444153809493,0.0036434883403947183
2025-05-19,-0.0009726056456824748,-0.0014406015607031507
2025-05-20,-0.003342069604521813,7.600234553282575e-05
2025-05-21,0.002229360739352018,-0.012598089698776347
2025-05-22,-0.00993093187347155,-0.0002305418515908965
2025-05-23,0.008816762011696146,-0.006012506674979851
2025-05-27,0.0001393114561230581,0.0155731770592191
2025-05-28,-0.008815640104978506,-0.005342677628528881
2025-05-29,0.0047674850761170295,0.009520619431706892
2025-05-30,0.008496346159713862,-0.003569128384015098
2025-06-02,-0.001388018214347655,-0.004116578065459457
2025-06-03,-0.01173506428488961,0.007155036269913885
2025-06-04,0.0029465904095643696,-0.0008346114887979737
2025-06-05,-0.006465997279994935,-0.0047937438538675214
2025-06-06,0.006185754005614466,0.0026413135493789804
2025-06-09,0.005869232777078052,-0.0005383387994043354
2025-06-10,0.008048703157007927,0.014286388583818053
2025-06-11,-0.00387733760707312,-0.014748308274582103
2025-06-12,0.0023559334882003995,0.018307084894272074
2025-06-13,-0.0099475064484561,-0.011020204249192485
2025-06-16,-0.007065276479906551,0.004270417868368646
2025-06-17,-0.012844307932227218,-0.016264279964060435
2025-06-18,-0.005906692252651984,-0.0017030222887704765
2025-06-20,-0.005360360770067165,0.0
2025-06-23,0.012989128986518612,0.00015488365777974718
2025-06-24,0.0067167250457647225,0.01506927050305579
2025-06-25,-0.008295181357682898,-0.023392552013230716
2025-06-26,-0.0023005069091436878,0.001561067904549972
2025-06-27,0.01230341768586959,0.021755019999886993
2025-06-30,0.005954023520046183,0.007602255783793795
2025-07-01,0.012919646912578426,0.0240939465352573
2025-07-02,-0.010660490704191665,0.00897911645351754
2025-07-03,0.006185689339122805,-0.00809231181650325
2025-07-07,-0.004776734771931941,-0.006893185715730043
2025-07-08,-0.010902685965648421,0.004378586603328579
2025-07-09,-0.010878936280570944,-0.004155505586496521
2025-07-10,0.004165202627412318,0.011827457445337176
2025-07-11,0.0014321856444245336,-0.006044157383453227
2025-07-14,-0.005741318007110825,0.002289394308360135
2025-07-15,-0.0015847096265097509,-0.013067309980850933
2025-07-16,-0.0012984718366678798,0.011443240930580191
2025-07-17,0.018876574724433697,0.07189958329005491
2025-07-18,-0.010538348337573401,-0.015242166196464606
2025-07-21,0.0031447308229410717,-0.010809558385346307
2025-07-22,-0.005868420302856294,0.03016851289891475
2025-07-23,-0.007203711653488089,-0.002605415088468931
2025-07-24,-0.0008680024417044316,-0.007926338834635806
2025-07-25,0.001012691376722348,-0.007362146186898067
2025-07-28,-0.015737160767614396,-0.013192172091380475
2025-07-29,0.018768413610237362,0.01625480918694
2025-07-30,-0.009121808448468716,-0.007183991559881054
2025-07-31,-0.01258819122849967,-0.03519139293543915
2025-08-01,0.01418683557198345,0.009812452422755396
2025-08-04,0.0014512130871177306,0.0020083608119250045
2025-08-05,0.0013043049969626113,-0.0007886041483909888
2025-08-06,0.006639768682835681,0.009634264980551546
2025-08-07,0.013148611598294368,0.021917246176438393
2025-08-08,-0.001278732260473343,0.008923364828570809
2025-08-11,0.0058118536382434655,-0.00234417349145257
2025-08-12,-0.0005653920947184641,0.013710997369900925
2025-08-13,-0.003541885643239293,0.016744820367087868
2025-08-14,-0.012999418686555669,-0.00489984870452366
2025-08-15,0.0053057847223433275,0.011905667844077306
2025-08-18,-0.01136273567290599,-0.005667659335211642
2025-08-19,0.014361860838089942,0.017301866456613642
2025-08-20,0.008094968548669788,-0.009442497946243557
2025-08-21,-0.0005659036721263826,-0.01167818813501498
2025-08-22,-0.007529064876543491,0.0044203756827461416
2025-08-25,-0.017259128606664866,-0.00966967492975993
2025-08-26,-0.0029058011560181437,-0.008130071330552973
2025-08-27,0.0014540707010454166,0.004344377901322836
2025-08-28,-0.006851968073320511,-0.00448038975583265
2025-08-29,0.009173726266809004,0.011298007316069093
2025-09-02,0.0010140765869629178,0.010905647348500136
2025-09-03,-0.0010140765869628007,-0.010972950032748658
2025-09-04,-0.010784072855424962,-0.01184315072709476
2025-09-05,-0.004258279885827732,0.006325019190559984
2025-09-08,-0.007829247293489563,-0.032491606024095385
2025-09-09,0.006356780695149122,0.009761010021539217
2025-09-10,-0.0005895942603689647,-0.0030794067722691235
2025-09-11,-0.0029533136378472966,0.010944876439863882
2025-09-12,-0.009061967604260935,-0.004865203750078397
2025-09-15,-0.004370371057612909,-0.020340468416365765
2025-09-16,0.0004528432548481298,-0.00434684003205913
2025-09-17,0.012005032730858045,0.008533115295563708
2025-09-18,-0.008689294149911491,-0.003546610593897856
2025-09-19,-0.00045157969672521183,0.007292276887747356
2025-09-22,-0.00331700213906953,-0.00516293657063827
2025-09-23,0.007523366987835964,0.006150062041578141
2025-09-24,-0.0039051711942371553,0.0019008670064014678
2025-09-25,-0.007098050332565308,-0.01595260251756753
2025-09-26,-0.004709569246013406,0.0037095615059053967
2025-09-29,0.00561844297679935,-0.001924418258398006
2025-09-30,0.004230916238635925,0.0019244182583980716
2025-10-01,0.006912029394542486,0.019042866566023112
2025-10-02,-0.010234897203813046,-0.005815545381241158
2025-10-03,0.008286323056258002,-0.0023216085177467554
2025-10-06,-0.008286323056257937,-0.016189013385864932
2025-10-07,0.010384657432338249,0.007772213093489273
2025-10-08,-0.01008207879423764,-0.013947269928472682
2025-10-09,0.0037739382778959924,0.041409707957403986
2025-10-10,0.01004429144852444,0.03643678274054929
2025-10-13,-0.0035864131284254054,-0.007960721165513654
2025-10-14,0.01057274049818885,0.017641797302486262
2025-10-15,-0.006389859825017878,-0.0025107496801565154
2025-10-16,0.007574025674704995,0.009939776354330737
2025-10-17,0.012497503317893682,0.006789056419385488
2025-10-20,0.0,-0.000455519754719693
2025-10-21,0.039816187015672154,-0.002998544269961232
2025-10-22,-0.005773564749924108,-0.0009796589606509553
2025-10-23,-0.012362199886302248,-0.009982293004173895
2025-10-24,-0.003294075045431034,0.0002638319797474291
2025-10-27,0.0050082111206333465,0.007101231358236661
2025-10-28,0.001426354482396972,-0.016581861076760483
2025-10-29,-0.02613691279488004,-0.02673292152771185
2025-10-30,0.009175041315345979,0.009465119246591195
2025-10-31,-0.001160403847092548,-0.009944174808975486
2025-11-03,-0.013589588181578889,-0.01719132818926879
2025-11-04,0.010100275476001288,-0.004886600615421568
2025-11-05,-0.00218710517860803,-0.0002799155915536252
2025-11-06,0.007995880601847534,-0.009000267507379875
2025-11-07,0.021346103301357642,0.009629995207632415
2025-11-10,-0.0004255056969479248,-0.002311091304173537
2025-11-11,0.015338501598608285,0.017101516577687586
2025-11-12,-0.0013973432617294154,-0.0047672435224869235
2025-11-13,-0.006171965943994999,0.004353706336503337
2025-11-14,0.0012654452900158757,0.005707070127847216
2025-11-17,-0.006768175917141034,0.013484143451679276
2025-11-18,0.007611027317423363,0.006338643879210914
2025-11-19,-0.001545752282546814,-0.011220957411651755
2025-11-20,0.0014053080418962875,-0.006889314025396877
2025-11-21,0.02414107951463107,0.0015731022469581293
2025-11-24,-0.004947209379643639,-0.0056882963006321995
2025-11-25,0.00027563781064364327,0.004183546794485269
2025-11-26,0.0037114902718232323,0.012717483703018537
2025-11-28,0.003287708644853744,0.005122709610796277
2025-12-01,-0.009131301373510762,0.005163399423668855
2025-12-02,-0.017950223886101735,-0.006037799610775904
2025-12-03,0.001979029971611769,-0.00370791840042253
2025-12-04,-0.005097010894231333,-0.007797280661143443
2025-12-05,-0.0064080437667549065,-0.003215160144261474
2025-12-08,0.0035652156269903603,0.004197605243223442
2025-12-09,-0.002280406393629119,-0.006821482958197021
2025-12-10,0.0017108475216666775,0.034385525534281675
2025-12-11,-0.015791416360629848,-0.004418567922953233
2025-12-12,0.02019700831511219,0.01074454604767362
2025-12-15,0.0063609412860483276,0.0037764669142424257
2025-12-16,-0.008490241553680625,-0.005636914686336856
2025-12-17,0.00425407624749632,-0.0019303349246596639
2025-12-18,-0.004396330951633472,-0.004741933659644605
2025-12-19,-0.004272859846835607,-0.00813368272270516
2025-12-22,0.0021388228641226917,-0.0075201099032118045
2025-12-23,-0.0048544485420919815,-0.023184072985656664
2025-12-24,0.003429185972239053,0.00041750771480403856
2025-12-26,-0.003429185972239112,0.00027824166758769236
2025-12-29,0.004142126606300769,0.003194227083096658
2025-12-30,-0.0012837481302007839,-0.000554785337497324
2025-12-31,-0.002285937529606145,-0.004449507536012792
